<?xml version="1.0" encoding="UTF-8"?>
<!-- Created with TexturePacker https://www.codeandweb.com/texturepacker -->
<!-- $TexturePacker:SmartUpdate:6b580d5280d2aab9b64ac3343eb1cd9d:d65beb09de91e6265cf43ac75adcf611:d6b616cefc56cd8e170b4bb7e3f14aba$ -->
<!--Format:
n  => name of the sprite
x  => sprite x pos in texture
y  => sprite y pos in texture
w  => sprite width (may be trimmed)
h  => sprite height (may be trimmed)
pX => x pos of the pivot point (relative to sprite width)
pY => y pos of the pivot point (relative to sprite height)
oX => sprite's x-corner offset (only available if trimmed)
oY => sprite's y-corner offset (only available if trimmed)
oW => sprite's original width (only available if trimmed)
oH => sprite's original height (only available if trimmed)
r => 'y' only set if sprite is rotated
with polygon mode enabled:
vertices   => points in sprite coordinate system (x0,y0,x1,y1,x2,y2, ...)
verticesUV => points in sheet coordinate system (x0,y0,x1,y1,x2,y2, ...)
triangles  => sprite triangulation, 3 vertex indices per triangle
-->
<TextureAtlas imagePath="effects.png" width="496" height="570">
    <sprite n="explosion001-00.png" x="8" y="1" w="9" h="9" pX="0.5" pY="0.5" oX="30" oY="30" oW="70" oH="70"/>
    <sprite n="explosion001-01.png" x="77" y="44" w="24" h="24" pX="0.5" pY="0.5" oX="23" oY="23" oW="70" oH="70"/>
    <sprite n="explosion001-02.png" x="291" y="44" w="30" h="30" pX="0.5" pY="0.5" oX="20" oY="20" oW="70" oH="70"/>
    <sprite n="explosion001-03.png" x="395" y="44" w="34" h="36" pX="0.5" pY="0.5" oX="18" oY="17" oW="70" oH="70"/>
    <sprite n="explosion001-04.png" x="41" y="83" w="40" h="40" pX="0.5" pY="0.5" oX="15" oY="15" oW="70" oH="70"/>
    <sprite n="explosion001-05.png" x="259" y="83" w="44" h="45" pX="0.5" pY="0.5" oX="13" oY="12" oW="70" oH="70"/>
    <sprite n="explosion001-06.png" x="51" y="132" w="48" h="49" pX="0.5" pY="0.5" oX="11" oY="10" oW="70" oH="70"/>
    <sprite n="explosion001-07.png" x="263" y="132" w="52" h="53" pX="0.5" pY="0.5" oX="9" oY="8" oW="70" oH="70"/>
    <sprite n="explosion001-08.png" x="1" y="189" w="56" h="55" pX="0.5" pY="0.5" oX="7" oY="7" oW="70" oH="70"/>
    <sprite n="explosion001-09.png" x="238" y="189" w="58" h="59" pX="0.5" pY="0.5" oX="6" oY="5" oW="70" oH="70"/>
    <sprite n="explosion001-10.png" x="256" y="251" w="62" h="61" pX="0.5" pY="0.5" oX="4" oY="4" oW="70" oH="70"/>
    <sprite n="explosion001-11.png" x="132" y="315" w="65" h="63" pX="0.5" pY="0.5" oX="2" oY="3" oW="70" oH="70"/>
    <sprite n="explosion001-12.png" x="199" y="315" w="66" h="65" pX="0.5" pY="0.5" oX="2" oY="2" oW="70" oH="70"/>
    <sprite n="explosion001-13.png" x="333" y="315" w="67" h="67" pX="0.5" pY="0.5" oX="1" oY="1" oW="70" oH="70"/>
    <sprite n="explosion001-14.png" x="1" y="387" w="70" h="69" pX="0.5" pY="0.5" oX="0" oY="0" oW="70" oH="70"/>
    <sprite n="explosion001-15.png" x="267" y="315" w="64" h="70" pX="0.5" pY="0.5" oX="1" oY="0" oW="70" oH="70"/>
    <sprite n="explosion001-16.png" x="177" y="189" w="59" h="58" pX="0.5" pY="0.5" oX="4" oY="6" oW="70" oH="70"/>
    <sprite n="explosion002-00.png" x="8" y="1" w="9" h="9" pX="0.5" pY="0.5" oX="26" oY="26" oW="62" oH="62"/>
    <sprite n="explosion002-01.png" x="103" y="44" w="24" h="24" pX="0.5" pY="0.5" oX="19" oY="19" oW="62" oH="62"/>
    <sprite n="explosion002-02.png" x="261" y="44" w="28" h="30" pX="0.5" pY="0.5" oX="17" oY="16" oW="62" oH="62"/>
    <sprite n="explosion002-03.png" x="323" y="44" w="34" h="34" pX="0.5" pY="0.5" oX="14" oY="14" oW="62" oH="62"/>
    <sprite n="explosion002-04.png" x="1" y="83" w="38" h="38" pX="0.5" pY="0.5" oX="12" oY="12" oW="62" oH="62"/>
    <sprite n="explosion002-05.png" x="83" y="83" w="40" h="40" pX="0.5" pY="0.5" oX="11" oY="11" oW="62" oH="62"/>
    <sprite n="explosion002-06.png" x="169" y="83" w="42" h="43" pX="0.5" pY="0.5" oX="10" oY="9" oW="62" oH="62"/>
    <sprite n="explosion002-07.png" x="213" y="83" w="44" h="45" pX="0.5" pY="0.5" oX="9" oY="8" oW="62" oH="62"/>
    <sprite n="explosion002-08.png" x="399" y="83" w="46" h="46" pX="0.5" pY="0.5" oX="8" oY="8" oW="62" oH="62"/>
    <sprite n="explosion002-09.png" x="1" y="132" w="48" h="47" pX="0.5" pY="0.5" oX="7" oY="7" oW="62" oH="62"/>
    <sprite n="explosion002-10.png" x="155" y="132" w="51" h="50" pX="0.5" pY="0.5" oX="5" oY="6" oW="62" oH="62"/>
    <sprite n="explosion002-11.png" x="371" y="132" w="54" h="54" pX="0.5" pY="0.5" oX="4" oY="4" oW="62" oH="62"/>
    <sprite n="explosion002-12.png" x="59" y="189" w="57" h="56" pX="0.5" pY="0.5" oX="2" oY="3" oW="62" oH="62"/>
    <sprite n="explosion002-13.png" x="298" y="189" w="59" h="59" pX="0.5" pY="0.5" oX="1" oY="1" oW="62" oH="62"/>
    <sprite n="explosion002-14.png" x="192" y="251" w="62" h="61" pX="0.5" pY="0.5" oX="0" oY="0" oW="62" oH="62"/>
    <sprite n="explosion002-15.png" x="386" y="251" w="62" h="62" pX="0.5" pY="0.5"/>
    <sprite n="explosion002-16.png" x="1" y="251" w="58" h="62" pX="0.5" pY="0.5" oX="1" oY="0" oW="62" oH="62"/>
    <sprite n="explosion003-00.png" x="33" y="1" w="13" h="12" pX="0.5" pY="0.5" oX="41" oY="42" oW="96" oH="96"/>
    <sprite n="explosion003-01.png" x="431" y="44" w="36" h="37" pX="0.5" pY="0.5" oX="30" oY="29" oW="96" oH="96"/>
    <sprite n="explosion003-02.png" x="352" y="83" w="45" h="47" pX="0.5" pY="0.5" oX="25" oY="24" oW="96" oH="96"/>
    <sprite n="explosion003-03.png" x="317" y="132" w="52" h="55" pX="0.5" pY="0.5" oX="22" oY="20" oW="96" oH="96"/>
    <sprite n="explosion003-04.png" x="359" y="189" w="59" h="60" pX="0.5" pY="0.5" oX="18" oY="18" oW="96" oH="96"/>
    <sprite n="explosion003-05.png" x="67" y="315" w="63" h="64" pX="0.5" pY="0.5" oX="16" oY="16" oW="96" oH="96"/>
    <sprite n="explosion003-06.png" x="402" y="315" w="67" h="68" pX="0.5" pY="0.5" oX="14" oY="14" oW="96" oH="96"/>
    <sprite n="explosion003-07.png" x="73" y="387" w="70" h="70" pX="0.5" pY="0.5" oX="13" oY="13" oW="96" oH="96"/>
    <sprite n="explosion003-08.png" x="145" y="387" w="73" h="73" pX="0.5" pY="0.5" oX="11" oY="11" oW="96" oH="96"/>
    <sprite n="explosion003-09.png" x="220" y="387" w="76" h="76" pX="0.5" pY="0.5" oX="10" oY="10" oW="96" oH="96"/>
    <sprite n="explosion003-10.png" x="298" y="387" w="79" h="80" pX="0.5" pY="0.5" oX="8" oY="8" oW="96" oH="96"/>
    <sprite n="explosion003-11.png" x="379" y="387" w="86" h="84" pX="0.5" pY="0.5" oX="4" oY="6" oW="96" oH="96"/>
    <sprite n="explosion003-12.png" x="1" y="473" w="89" h="89" pX="0.5" pY="0.5" oX="3" oY="3" oW="96" oH="96"/>
    <sprite n="explosion003-13.png" x="184" y="473" w="94" h="93" pX="0.5" pY="0.5" oX="0" oY="1" oW="96" oH="96"/>
    <sprite n="explosion003-14.png" x="376" y="473" w="96" h="95" pX="0.5" pY="0.5" oX="0" oY="0" oW="96" oH="96"/>
    <sprite n="explosion003-15.png" x="280" y="473" w="94" h="96" pX="0.5" pY="0.5" oX="1" oY="0" oW="96" oH="96"/>
    <sprite n="explosion003-16.png" x="92" y="473" w="90" h="95" pX="0.5" pY="0.5" oX="2" oY="0" oW="96" oH="96"/>
    <sprite n="explosion004-00.png" x="427" y="132" w="58" h="53" pX="0.5" pY="0.5" oX="5" oY="3" oW="64" oH="64"/>
    <sprite n="explosion004-01.png" x="61" y="251" w="63" h="58" pX="0.5" pY="0.5" oX="1" oY="1" oW="64" oH="64"/>
    <sprite n="explosion004-02.png" x="1" y="315" w="64" h="61" pX="0.5" pY="0.5" oX="0" oY="0" oW="64" oH="64"/>
    <sprite n="explosion004-03.png" x="320" y="251" w="64" h="60" pX="0.5" pY="0.5" oX="0" oY="1" oW="64" oH="64"/>
    <sprite n="explosion004-04.png" x="126" y="251" w="64" h="58" pX="0.5" pY="0.5" oX="0" oY="3" oW="64" oH="64"/>
    <sprite n="explosion004-05.png" x="420" y="189" w="63" h="57" pX="0.5" pY="0.5" oX="0" oY="3" oW="64" oH="64"/>
    <sprite n="explosion004-06.png" x="118" y="189" w="57" h="56" pX="0.5" pY="0.5" oX="1" oY="4" oW="64" oH="64"/>
    <sprite n="explosion004-07.png" x="208" y="132" w="53" h="50" pX="0.5" pY="0.5" oX="2" oY="9" oW="64" oH="64"/>
    <sprite n="explosion004-08.png" x="101" y="132" w="52" h="48" pX="0.5" pY="0.5" oX="3" oY="10" oW="64" oH="64"/>
    <sprite n="explosion004-09.png" x="447" y="83" w="48" h="46" pX="0.5" pY="0.5" oX="6" oY="11" oW="64" oH="64"/>
    <sprite n="explosion004-10.png" x="305" y="83" w="45" h="44" pX="0.5" pY="0.5" oX="7" oY="12" oW="64" oH="64"/>
    <sprite n="explosion004-11.png" x="125" y="83" w="42" h="39" pX="0.5" pY="0.5" oX="10" oY="13" oW="64" oH="64"/>
    <sprite n="explosion004-12.png" x="359" y="44" w="34" h="36" pX="0.5" pY="0.5" oX="12" oY="13" oW="64" oH="64"/>
    <sprite n="explosion004-13.png" x="237" y="44" w="22" h="34" pX="0.5" pY="0.5" oX="23" oY="14" oW="64" oH="64"/>
    <sprite n="explosion004-14.png" x="295" y="19" w="20" h="20" pX="0.5" pY="0.5" oX="25" oY="20" oW="64" oH="64"/>
    <sprite n="explosion004-15.png" x="1" y="1" w="5" h="5" pX="0.5" pY="0.5" oX="26" oY="24" oW="64" oH="64"/>
    <sprite n="explosion009-0.png" x="255" y="19" w="18" h="18" pX="0.5" pY="0.5" oX="4" oY="3" oW="25" oH="25"/>
    <sprite n="explosion009-1.png" x="364" y="19" w="22" h="21" pX="0.5" pY="0.5" oX="2" oY="2" oW="25" oH="25"/>
    <sprite n="explosion009-2.png" x="26" y="44" w="24" h="23" pX="0.5" pY="0.5" oX="1" oY="1" oW="25" oH="25"/>
    <sprite n="explosion009-3.png" x="210" y="44" w="25" h="25" pX="0.5" pY="0.5"/>
    <sprite n="explosion009-4.png" x="129" y="44" w="25" h="24" pX="0.5" pY="0.5" oX="0" oY="0" oW="25" oH="25"/>
    <sprite n="explosion009-5.png" x="183" y="44" w="25" h="25" pX="0.5" pY="0.5"/>
    <sprite n="explosion009-6.png" x="156" y="44" w="25" h="25" pX="0.5" pY="0.5"/>
    <sprite n="explosion010-00.png" x="275" y="19" w="18" h="19" pX="0.5" pY="0.5" oX="2" oY="2" oW="23" oH="24"/>
    <sprite n="explosion010-01.png" x="317" y="19" w="20" h="22" pX="0.5" pY="0.5" oX="2" oY="1" oW="23" oH="24"/>
    <sprite n="explosion010-02.png" x="1" y="44" w="23" h="24" pX="0.5" pY="0.5"/>
    <sprite n="explosion010-03.png" x="52" y="44" w="23" h="24" pX="0.5" pY="0.5"/>
    <sprite n="explosion010-04.png" x="461" y="19" w="23" h="23" pX="0.5" pY="0.5" oX="0" oY="0" oW="23" oH="24"/>
    <sprite n="explosion010-05.png" x="437" y="19" w="22" h="23" pX="0.5" pY="0.5" oX="1" oY="0" oW="23" oH="24"/>
    <sprite n="explosion010-06.png" x="412" y="19" w="23" h="22" pX="0.5" pY="0.5" oX="0" oY="1" oW="23" oH="24"/>
    <sprite n="explosion010-07.png" x="339" y="19" w="23" h="20" pX="0.5" pY="0.5" oX="0" oY="2" oW="23" oH="24"/>
    <sprite n="explosion010-08.png" x="388" y="19" w="22" h="23" pX="0.5" pY="0.5" oX="0" oY="1" oW="23" oH="24"/>
    <sprite n="explosion010-09.png" x="235" y="19" w="18" h="17" pX="0.5" pY="0.5" oX="1" oY="3" oW="23" oH="24"/>
    <sprite n="explosion011-00.png" x="368" y="1" w="16" h="16" pX="0.5" pY="0.5"/>
    <sprite n="explosion011-01.png" x="127" y="19" w="16" h="16" pX="0.5" pY="0.5"/>
    <sprite n="explosion011-02.png" x="386" y="1" w="16" h="16" pX="0.5" pY="0.5"/>
    <sprite n="explosion011-03.png" x="350" y="1" w="16" h="16" pX="0.5" pY="0.5"/>
    <sprite n="explosion011-04.png" x="404" y="1" w="16" h="16" pX="0.5" pY="0.5"/>
    <sprite n="explosion011-05.png" x="440" y="1" w="16" h="16" pX="0.5" pY="0.5"/>
    <sprite n="explosion011-06.png" x="476" y="1" w="16" h="16" pX="0.5" pY="0.5"/>
    <sprite n="explosion011-07.png" x="1" y="19" w="16" h="16" pX="0.5" pY="0.5"/>
    <sprite n="explosion011-08.png" x="458" y="1" w="16" h="16" pX="0.5" pY="0.5"/>
    <sprite n="explosion011-09.png" x="422" y="1" w="16" h="16" pX="0.5" pY="0.5"/>
    <sprite n="explosion012-00.png" x="332" y="1" w="16" h="16" pX="0.5" pY="0.5"/>
    <sprite n="explosion012-01.png" x="314" y="1" w="16" h="16" pX="0.5" pY="0.5"/>
    <sprite n="explosion012-02.png" x="188" y="1" w="16" h="16" pX="0.5" pY="0.5"/>
    <sprite n="explosion012-03.png" x="19" y="19" w="16" h="16" pX="0.5" pY="0.5"/>
    <sprite n="explosion012-04.png" x="170" y="1" w="16" h="16" pX="0.5" pY="0.5"/>
    <sprite n="explosion012-05.png" x="152" y="1" w="16" h="16" pX="0.5" pY="0.5"/>
    <sprite n="explosion012-06.png" x="206" y="1" w="16" h="16" pX="0.5" pY="0.5"/>
    <sprite n="explosion012-07.png" x="224" y="1" w="16" h="16" pX="0.5" pY="0.5"/>
    <sprite n="explosion012-08.png" x="278" y="1" w="16" h="16" pX="0.5" pY="0.5"/>
    <sprite n="explosion012-09.png" x="296" y="1" w="16" h="16" pX="0.5" pY="0.5"/>
    <sprite n="explosion013-0.png" x="19" y="1" w="12" h="12" pX="0.5" pY="0.5" oX="2" oY="2" oW="16" oH="16"/>
    <sprite n="explosion013-1.png" x="78" y="1" w="14" h="13" pX="0.5" pY="0.5" oX="1" oY="2" oW="16" oH="16"/>
    <sprite n="explosion013-2.png" x="48" y="1" w="13" h="14" pX="0.5" pY="0.5" oX="1" oY="1" oW="16" oH="16"/>
    <sprite n="explosion013-3.png" x="135" y="1" w="15" h="15" pX="0.5" pY="0.5" oX="1" oY="1" oW="16" oH="16"/>
    <sprite n="explosion013-4.png" x="260" y="1" w="16" h="16" pX="0.5" pY="0.5"/>
    <sprite n="explosion013-5.png" x="242" y="1" w="16" h="16" pX="0.5" pY="0.5"/>
    <sprite n="explosion013-6.png" x="181" y="19" w="16" h="16" pX="0.5" pY="0.5"/>
    <sprite n="explosion013-7.png" x="217" y="19" w="16" h="16" pX="0.5" pY="0.5"/>
    <sprite n="explosion013-8.png" x="63" y="1" w="13" h="14" pX="0.5" pY="0.5" oX="1" oY="1" oW="16" oH="16"/>
    <sprite n="explosion014-0.png" x="199" y="19" w="16" h="16" pX="0.5" pY="0.5"/>
    <sprite n="explosion014-1.png" x="73" y="19" w="16" h="16" pX="0.5" pY="0.5"/>
    <sprite n="explosion014-2.png" x="37" y="19" w="16" h="16" pX="0.5" pY="0.5"/>
    <sprite n="explosion014-3.png" x="55" y="19" w="16" h="16" pX="0.5" pY="0.5"/>
    <sprite n="explosion014-4.png" x="91" y="19" w="16" h="16" pX="0.5" pY="0.5"/>
    <sprite n="explosion014-5.png" x="109" y="19" w="16" h="16" pX="0.5" pY="0.5"/>
    <sprite n="explosion014-6.png" x="145" y="19" w="16" h="16" pX="0.5" pY="0.5"/>
    <sprite n="explosion014-7.png" x="163" y="19" w="16" h="16" pX="0.5" pY="0.5"/>
    <sprite n="explosion014-8.png" x="117" y="1" w="16" h="13" pX="0.5" pY="0.5" oX="0" oY="1" oW="16" oH="16"/>
    <sprite n="thruster1.png" x="94" y="1" w="21" h="9" pX="0.5" pY="0.5"/>
</TextureAtlas>
