<?xml version="1.0" encoding="UTF-8"?>
<!-- Created with TexturePacker https://www.codeandweb.com/texturepacker -->
<!-- $TexturePacker:SmartUpdate:48fb17e92a066b31d01b76f96e2afc07:efac0333092ac2b8566f9af87b5bd6c0:1c5d6117db9e3bd01869ce32ff69eafe$ -->
<!--Format:
n  => name of the sprite
x  => sprite x pos in texture
y  => sprite y pos in texture
w  => sprite width (may be trimmed)
h  => sprite height (may be trimmed)
pX => x pos of the pivot point (relative to sprite width)
pY => y pos of the pivot point (relative to sprite height)
oX => sprite's x-corner offset (only available if trimmed)
oY => sprite's y-corner offset (only available if trimmed)
oW => sprite's original width (only available if trimmed)
oH => sprite's original height (only available if trimmed)
r => 'y' only set if sprite is rotated
with polygon mode enabled:
vertices   => points in sprite coordinate system (x0,y0,x1,y1,x2,y2, ...)
verticesUV => points in sheet coordinate system (x0,y0,x1,y1,x2,y2, ...)
triangles  => sprite triangulation, 3 vertex indices per triangle
-->
<TextureAtlas imagePath="projectiles.png" width="61" height="63">
    <sprite n="fireball1.png" x="45" y="1" w="15" h="15" pX="0.5" pY="0.5"/>
    <sprite n="rocket005a.png" x="44" y="20" w="7" h="30" pX="0.5" pY="0.5" oX="5" oY="0" oW="35" oH="7" r="y"/>
    <sprite n="rocket005b.png" x="1" y="55" w="35" h="7" pX="0.5" pY="0.5"/>
    <sprite n="rocket006a.png" x="1" y="45" w="35" h="8" pX="0.5" pY="0.5" oX="6" oY="0" oW="41" oH="8"/>
    <sprite n="rocket006b.png" x="1" y="35" w="41" h="8" pX="0.5" pY="0.5"/>
    <sprite n="rocket007a.png" x="53" y="18" w="7" h="31" pX="0.5" pY="0.5" oX="11" oY="5" oW="42" oH="17" r="y"/>
    <sprite n="rocket007b.png" x="1" y="20" w="39" h="13" pX="0.5" pY="0.5" oX="3" oY="2" oW="42" oH="17"/>
    <sprite n="rocket007c.png" x="1" y="1" w="42" h="17" pX="0.5" pY="0.5"/>
</TextureAtlas>
