<exporter>
	<name>d2d-box2d.xml</name>
    	<displayName>Box2D+sizes (XML) (d2d custom)</displayName>
    	<description>XML for box2d customized for d2d to include the image width and height</description>
	<version>1.0</version>
	<yAxisDirection>up</yAxisDirection>
	<physicsEngine>box2d</physicsEngine>
  <template>d2d-box2d.xml</template>
	<fileExtension>xml</fileExtension>
	<anchorPoint>
	    <!-- are anchor points supported ? yes/no -->
		<enabled>no</enabled>
		
		<!-- relative position of the default anchor point -->
		<relX>0.5</relX>		
		<relY>0.5</relY>
	</anchorPoint>
    <origin>
        <!--
        origin (0/0) point of the polygons 
        can be set to "anchorPoint" or "fixed"
        Use 
		<relX>0.5</relX>		
		<relY>0.5</relY>
		to specify a fixed origin.
		Default is 0.5/0.5
        -->
        <type>fixed</type>
	   <relX>0.5</relX>		
	   <relY>0.5</relY>
    </origin>
	<global>
		<parameter>
			<name>ptm_ratio</name>
			<displayName>PTM-Ratio</displayName>
			<description>PTM ratio of the sprites. Must be multiplied by 2 when working with hd (retina display) sprites</description>
			<shortDescription>PTM ratio of the sprites. Must be multiplied by 2 when working with hd (retina display) sprites.</shortDescription>
			<type>float</type>
                        <default>32.0</default>
		</parameter>
	</global>
	
	<!-- custom body parameters -->
	<body>
	</body>
	
	<!-- custom fixture parameters -->
	<fixture>
  </fixture>
</exporter>

